review_text,review_translater_face,polaridadeMultiClassifierTweetsOriginal,polaridadeMultiClassifierTweetsTraduzido,polaridade
Bem macio e felpudo...recomendo.  Preço imbatível e entrega rápida. Compraria outro quando precisar,Good soft and smooth I recommend. unbeatable price and fast delivery. I would buy another when you need,1.0,1.0,1.0
Produto excepcional!  recomendo!!! inovador e gostoso de ler!!,Excellent product! recommend!!! innovative and pleasant to read!!,1.0,1.0,1.0
Bom custo beneficio. Adequado para pessoas que fazem um uso casual do aparelho . A máquina fotográfica é excelente . A tela fornece imagens ótimas . Os recursos do aparelho são fáceis de manejar.,Good cost benefit. Suitable for people who do a casual use of the device. The camera is excellent. The screen provides excellent images. The device features are easy to manage.,1.0,1.0,1.0
"ótmo produto atendeu as expectativas, a entrega ocorreu antes do previsto. muito bom","The product fulfilled expectations, the delivery occurred before the expected. very good",1.0,1.0,1.0
"GOSTEI MUITO DO PRODUTO! TEM ÓTIMA QUALIDADE, E FACILITA MUITO A APLICAÇÃO DO GEL.","It has excellent quality, and makes it very easy to use the gel.",1.0,1.0,1.0
"Adorei, entrega no prazo e produto conforme eu esperava, recomendadíssimo.","I loved, delivery in time and product as I expected, highly recommended.",1.0,1.0,1.0
Já é o segundo processador deste modelo que compro (o primeiro foi para minha mãe) e só tenho elogios. É muito forte e facilita bastante os processos.,It’s already the second processor of this model I buy (the first was for my mother) and I only have praises.,1.0,1.0,1.0
"Nao recebi!!!  endereço para entrega : rua augusto hog, 186 casa 02 jardim presidente dutra guarulhos sp cep 07172200 favor enviar!!!","Not received!!! address for delivery : street August hog, 186 house 02 garden president dutra guarulhos sp cep 07172200 please send!!!",0.0,0.0,1.0
"Adorei o smartphone, excelente acabamento, veloz e muito intuitivo","I loved the smartphone, excellent finish, fast and very intuitive",1.0,1.0,1.0
O produto chegou antes do prazo estimado. Ótimo produto. Recomendo a todos esse vendedor.,The product arrived before the estimated deadline. great product. I recommend this seller to all.,1.0,1.0,1.0
produto excelente  Atingiu as expectativas  Recomendo o produto,Excellent product Reached expectations I recommend the product,1.0,1.0,1.0
"Lindo o relógio, entrega super rápida. Estou satisfeita com a compra.","Lending the clock, super fast delivery. I am satisfied with the purchase.",1.0,1.0,1.0
Atendeu as minhas expectativas e funcionou perfeitamente como repetidor de sinal.,It fulfilled my expectations and worked perfectly as a signal repeater.,1.0,1.0,1.0
Recomendo a compra de cartuchos HP e outros produtos pelo site americanas.com!,I recommend buying HP cartridges and other products from the site americanas.com!,0.0,0.0,1.0
muito show!...........................................................................................................................................................................................................................................................................................,"This is the first time I’ve been able to do this, and I’ve been able to do this.",1.0,1.0,1.0
Um Produto muito bom e simples recomendo esta telivisao a todos,A very good and simple product I recommend this TV to everyone.,1.0,1.0,1.0
"Estou gostando muito da torradeira Gourmet Oster, bonita e eficiente!","I really like Gourmet Oster, beautiful and efficient!",1.0,1.0,1.0
Estou satisfeito com o serviço prestado pela americanas.com,I am satisfied with the service provided by americanas.com,1.0,1.0,1.0
Aparelho muito bom! Ótima imagem e fotos maravilhosas.,Excellent picture and wonderful photos.,1.0,1.0,1.0
"Muito bom, valeu a pena a compra. Muito bonito. Gostei","Very good, it was worth buying. very nice. I liked",1.0,1.0,1.0
"Capa flexível e macia ,deixa o celular  firme na mão !","Flexible and smooth cover, keep your cell phone in hand.",0.0,1.0,1.0
Adorei o celular . Produto excelente.  Atende as minhas necessidades.,I loved the mobile. excellent product. it meets my needs.,1.0,1.0,1.0
"Produto emborrachado, ótimo para criança pequena. Chegou super rápido e minha neta de 1,5 anos adorou.",It arrived super quickly and my 1.5 year old grandmother loved it.,1.0,1.0,1.0
"Para mim, ele é útil. Tem tudo que eu preciso. Fácil de encontrar as configurações, aplicativos baixam rápidos. Câmera ótima com muitos filtros, selfie fácil de manuseiar.","For me, it is useful. It has everything I need. Easy to find the settings, apps download quickly. Great camera with a lot of filters, selfie easy to handle.",1.0,1.0,1.0
Adquirir essa pipoqueira elétrica e estou muito satisfeito com resultado,I bought this electric piper and I am very pleased with the result.,1.0,1.0,1.0
"Ótimo produto peças de qualidade, bonitas e bem acabadas. Recomendo","Excellent product quality, beautiful and well finished parts.",1.0,1.0,1.0
Ótimo!!! adoro este produto já comprei outras vezes gostei e agora comprei dnovo super recomendo,I love this product I’ve bought it again I liked it and now I’ve bought it again super recommend,1.0,1.0,1.0
"Gostei muito deste produto, principalmente por seu designe.","I really liked this product, especially because of its design.",1.0,1.0,1.0
"Eu comprei este produto, entretanto me foi entregue um produto diferente, foi entregue um produto que aceita somente um chip (modelo k33b37)  além disso veio faltando o fone. Estou em comunicação com a parceira Eletrobest e eles já me enviaram o código postal para eu enviar e fazer a troca.   O produto que veio, apesar de errado , é um produto bom, design bonito, leve, com muitas funcionalidades, entretanto como já mencionado, a empresa parceira cometeu dois erros que eu considero erros muito primários e graves ( mandar o produto errado e faltando o fone)","I bought this product, but it was delivered to me a different product, it was delivered a product that accepts only a chip (model k33b37) in addition came missing the fone. I am in communication with the partner Eletrobest and they have already sent me the postal code to send me and make the exchange. The product that came, though wrong, is a good product, beautiful design, light, with many features, however as already mentioned, the partner company committed two errors that I consider very primary and serious errors ( send the wrong product and missing the fone)",-1.0,-1.0,1.0
"Comprei a minha smart tv da samsung 49 e amei o produto . Eu recomendo sim , tanto o produto como a loja.   Não me arrependo de ter adquirido... Corra para Americanas mais próxima e garanta a sua.  Tv samsung 49 uma ótima parceira para assistir a copa . Penae nisso !","I bought my smart TV from samsung 49 and I loved the product. I recommend yes, both the product and the store. I don't regret having bought... Run to the nearest Americans and guarantee yours. samsung TV 49 a great partner to watch the cup.",1.0,1.0,1.0
Chegou super rápido bem antes do prazo de entrega .São lindas super resistente a tampa é bem flequixivel,It arrived super fast well before delivery time.They are beautiful super resistant the cover is well flexible,1.0,1.0,1.0
"Produto de boa qualidade e a loja MUNDO MAC STORE me surpreendeu com o bom atendimento e prazo de entrega, RECOMENDO!","Good quality product and the WORLD MAC STORE store surprised me with good service and delivery time, I recommend!",1.0,1.0,1.0
"Gostei muito do produto e de como as americanas foi rápida na entrega, estou curtindo meu novo aparelho, fácil de navegar, muito mais rápido devido ao processador. Muito satisfeita!","I really liked the product and how American was fast in delivery, I’m shortening my new device, easy to navigate, much faster due to the processor.",1.0,1.0,1.0
"produto de excelente qualidade, jogo intenso com história muito boa, a entrega no prazo.","Excellent quality product, intense game with very good history, delivery in time.",1.0,1.0,1.0
Apenas faltou mais um bolso na frente e os suportes de tela nas laterais serem um pouco maiores!  Produto excelente.,Just missed another pocket in front and the screen supports on the sides are a little bigger!,1.0,-1.0,1.0
"Poxa vida desse jeito nao da né Americanas , comprei o jogo dia 20/03 e nada do produto que foi lancado dia 20/04.    comprei um repelente dia 18/04 e chegou hoje . assim você cai no meu conceito né Americanas , minha relação com o site sempre foi boa , que que isso , pisou na bola demais  comprei na pre venda confiando que o produto pudesse chegar no máximo dia 23/04  e nada . nem pensar compro outro jogo na pré-venda por aqui , me desculpe . eu já fiquei puto que tanto na pre venda quando depois de ser lançado o preço não tem alteração, então pensei , pelo menos vou receber o jogo no máximo uns três dias depois , mais não foi o que aconteceu . e pra piorar comprei outro produto que chegou 6 dias apos a compra . brincadeira né Americanas Brincadeira .","I bought the game day 20/03 and nothing of the product that was launched day 20/04. I bought a repellent day 18/04 and arrived today. so you fall into my concept ni Americanas, my relationship with the site was always good, that that that, stepped on the ball too I bought in pre-sales trusting that the product could get up to the maximum day 23/04 and nothing. nor think I bought another game in pre-sales here, I apologize. I have already been puto that both in pre-sales when after being launched the price has no change, then I thought, at least I will receive the game at a maximum of three days later, it was not what happened.",0.0,-1.0,1.0
"já conheço o equipamento, então sei da qualidade do produto","I know the product, so I know the quality of the product.",0.0,0.0,1.0
"Gostei muito, perfume maravilhoso! O Frasco poderia ser maior.","I liked it very much, wonderful perfume! the Frasco could be bigger.",1.0,1.0,1.0
"Produto maravilhoso, ficou  muito mais fácil limpar","Great product, it was much easier to clean.",1.0,1.0,1.0
Indico o aparelho de Ar Condicionado Janela 10.000 Btu's.,"I indicate the air conditioner window 10,000 Btu's.",0.0,0.0,1.0
PRODUTO BOM RECOMENTO E BONITO BARATO E SILENCIOSO,Good recommendation and good cheap and silent product,1.0,1.0,1.0
um ótimo material para estudar e esclarecer sobre o comportamento infantil,A great material to study and clarify about child behavior,1.0,1.0,1.0
"Como não descobri este produto antes? Pratico e funcional. Gostei, vou usar em casa e na minha pousada, que tem piso branco.","How didn't I discover this product before? Practical and functional. I liked, I'll use it at home and in my basement, which has a white floor.",1.0,1.0,1.0
atendeu todas as minhas expectativas.  um equipamento bom e facil de manusear,It meets all my expectations. a good and easy to handle equipment,1.0,1.0,1.0
"Excelente kit composto por portão e extensores. Atendeu totalmente a minha necessidade. Apesar de não ser o mais em conta do mercado, confio na marca. Tenho conhecimento da qualidade e principalmente durabilidade do produto. Investimento a longo prazo. Melhor custo benefício de todos.","Excellent kit composed of door and extensors. It fully met my needs. Although not the most considerable of the market, I trust the brand. I have knowledge of the quality and mainly the durability of the product. Long-term investment. Best cost benefit of all.",1.0,1.0,1.0
"Um produto bom, com o serviço de entrega rápido, faz toda a diferença. Espero que continue sempre assim o atendimento para com seus clientes.","A good product, with the fast delivery service, makes all the difference. I hope you will always continue the service to your customers.",1.0,1.0,1.0
"Muito bom msm, recomendo. A bateria dele é ótima assim como suas câmeras frontal e traseira. Top.",Its battery is great as well as its front and rear cameras.,1.0,1.0,1.0
"Toalhas grandes e com a qualidade da Buddemeyer. Já tenho outras toalhas dessa marca, estava em conta na Americanas e decidi comprar. Td de bom. Recomendo.","Big towels and with the quality of Buddemeyer. I already have other towels of this brand, I was taking into account in American and I decided to buy.",1.0,1.0,1.0
"Comprei dois moto G5s. Muito bom .  chegou tudo certinho ,em menos tempo! Super indico site americanas ,para compra certa!","I bought two G5s motorcycles. very good. it arrived all sure, in less time! super indicate American site, for right purchase!",1.0,1.0,1.0
"quando comprei este instrumento fiquei com o pé atrás, mas assim que chegou o produto, fique bastante surpreso, bem embalado, esteticamente muito bonito, e sonoridade bem firme instrumento bem afinado. Super recomendo a todos. Obrigado!","When I bought this instrument I stayed with the foot back, but as soon as the product arrived, stay quite surprised, well packed, aesthetically very nice, and soundness well firm instrument well affinated.",1.0,1.0,1.0
"Ainda estou estudando o livro e prefiro não fazer comentarios, Porém em uma primeir e superficial análise acho o livro bem estruturado .","I am still studying the book and I prefer not to make comments, but in a first and superficial analysis I think the book is well structured.",1.0,1.0,1.0
"Fez por merecer a nota pelo produto ,qualidade entrega !  obrigado","I have made it worth the note for the product, quality delivery! thanks",1.0,1.0,1.0
"Muito rápido,  excelente tela,  ótimo preço x benefício.","Very fast, excellent screen, excellent price x benefit.",1.0,1.0,1.0
Bom só posso dizer do prazo de entrega e da beleza do produto já que o mesmo foi presente de casamento,Well I can only say about the delivery time and the beauty of the product since the same was a wedding present,0.0,1.0,1.0
HÁ MAIS DE 20 ANOS USO BARBEADOR ELÉTRICO DA PHILIPS. ESTE MODELO SUPEROU AS MINHAS EXPECTATIVAS COM RELAÇÃO AO USO. EXCELENTE E FÁCIL DE USAR. LIMPEZA FACILITADA APÓS O USO. ADOREI MESMO. PARABÉNS À PHILIPS.,It has been more than 20 years using the Philips Electric Barrier. This model has exceeded my expectations in relation to use. Excellent and easy to use. Easy cleaning after use. I love myself. Congratulations to the Philips.,1.0,1.0,1.0
Belo acabamento e impressão impecável. Indico para quem gosta de colecionar quadrinhos ou para quem quer presentar alguém que gosta na 9ª arte. Recomendadíssimo.,It’s a good idea for those who like to make comics or for those who want to present someone who likes in the 9th art.,1.0,1.0,1.0
"sem qualquer arrependimento, produto fantastico, pratico, silencioso e lindo.","Without any regret, a fantastic, practical, silent and beautiful product.",1.0,1.0,1.0
"suga bem, é prático, leve. Uníco problema é não poder usar o aspirador embaixo de cama baixa e armários.",The only problem is not being able to use the dust under the low bed and closets.,-1.0,-1.0,1.0
Livros excelentes e atenderam as minhas expectativas.,Great books and fulfilled my expectations.,1.0,1.0,1.0
resolveu o problema do wi-fi não alcançar os demais cômodos da casa.,The problem is that Wi-Fi does not reach the rest of the house.,0.0,-1.0,1.0
Foi um ótimo custo x beneficio. Tem uma boa iluminação.,It was a great cost x benefit. it has a good lighting.,1.0,1.0,1.0
Tudo ocorreu perfeito. Desde o momento do pagamento até o produto.,Everything happened perfectly. from the moment of payment to the product.,1.0,1.0,1.0
"Testei varios removedores de cravos ja, desde aquela mascara preta, ate aquele extrator que parece uma pinça mas esse e melhor sem sombra de duvidas, siper recomendo obrigada","I’ve tried several craves removerers already, from that black mask, to that extractor that looks like a pince but this and better without a shadow of doubt, siper I recommend thanks",1.0,1.0,1.0
"O acabamento é ótimo, e funciona muito bem sem sobrecarregar a instalação elétrica. A entrega foi exatamente na data prevista.","The finish is great, and it works very well without overloading the electrical installation. Delivery was exactly at the scheduled date.",1.0,1.0,1.0
"Gostei muito da cafeteira, preço bom e muito  fácil de usar. Só não recebi as cápsulas do combo até hoje.","I really liked the coffee shop, good price and very easy to use. I just didn't get the combo capsules until today.",1.0,1.0,1.0
"Produto muito eficiente, prático e adequado para limpezas em baixo de camas, armários etc...","Very efficient, practical and suitable for cleaning under beds, closets etc.",1.0,1.0,1.0
"Recomendo, pois se encaixa perfeitamente no modelo de camioneta.",I recommend it because it fits perfectly in the truck model.,1.0,1.0,1.0
"chegou muito antes do prazo, esquenta muito, estou até com os dedos queimados kkkk","I've got a lot before the deadline, it's a lot, I'm even with the fingers burned kkkk",-1.0,-1.0,1.0
O atendimento foi bastante satisfatório.  O Blu-ray estava em estado satisfatório.,The service was quite satisfying. the Blu-ray was in a satisfying state.,1.0,1.0,1.0
"sempre tive vontade de comprar este produto, e foi bem o que eu imaginava.","I always wanted to buy this product, and it was exactly what I imagined.",1.0,1.0,1.0
"Excelente produto, e o fato de ter luz de forno e ser bivolt é o diferencial e muito bom.","Excellent product, and the fact of having oven light and being bivolt is the differential and very good.",1.0,1.0,1.0
"O produto entregue é excelente, entregue sem danificações e com pouco atraso Muito bom","The product delivered is excellent, delivered without damages and with little delay Very good",1.0,1.0,1.0
Excelente qualidade num tamanho ideal. Preço promocional excelente e muito compatível com o tamanho.,Excellent quality in an ideal size. excellent promotional price and very compatible with the size.,1.0,1.0,1.0
ótimo lindo aconchegante e elegante tamanho maravilhoso,Great beautiful comfortable and elegant wonderful size,1.0,1.0,1.0
"Dentro do prazo, produto impecável! Apenas o controle está com maú funcionamento","Within the deadline, the product impeccable! only the control is with poor functioning",1.0,-1.0,1.0
"gostei ventila muito, e um produto de otima qualidade e nao e barulhento eu super recomendo","I liked the ventilation very much, and a product of optimal quality and not and noise I super recommend",1.0,1.0,1.0
Exatamente o que eu estava esperando e entrega no prazo,Exactly what I was expecting and delivering in time,1.0,1.0,1.0
Muito boa e bem reforçada atendeu as minhas expectativas ate agora.,Very good and well reinforced me fulfilled my expectations so far.,1.0,1.0,1.0
"Meu jogo chegou antes da data prevista, veio tudo certinho...Graças a Deus uns dias antes da paralização kkk","My game arrived before the scheduled date, everything came certain...Thank God a few days before the paralysis kkk",1.0,1.0,1.0
"produto muito bom, recomendo para todos! recebi no prazo previsto. tudo ok certinho recomendo","Good product, I recommend it to everyone! I got it in the scheduled time. all ok I recommend it.",1.0,1.0,1.0
"Já usava essa caneta, macia, não falha, vai até o fim da tinta","I used that pen, soft, does not fail, goes to the end of the paint",1.0,1.0,1.0
Um aparelho de baixo custo e alta precisão onde acho que todos deveria ter em suas casas,A low-cost and high precision device where I think everyone should have in their homes,0.0,1.0,1.0
"Produto de boa qualidade, chegou antes da data prevista.",Good quality product arrived before the scheduled date.,1.0,1.0,1.0
"otimo produto, bonito, confortavel, leve, gostei muito","good product, nice, comfortable, light, I liked it very much",1.0,1.0,1.0
"Chegou em bom estado, sem defeitos. Bem lacrado. E sem contar que chegou bem antes do dia previsto. Amei! Excelente. Recomendo.","It arrived in good condition, no defects. Good tears. And without counting it arrived well before the scheduled day. I loved! Excellent. I recommend.",1.0,1.0,1.0
Livro excelente! A entrega feita muito rápida. Super recomendo!,Excellent book! delivery made very fast. super recommend!,1.0,1.0,1.0
Excelente compra...chegou antes do prazo. muito bom comprar com vocês!,Excellent purchase... arrived before the deadline. very good to buy with you!,1.0,1.0,1.0
"Não tem nem o que falar, a entrega chegou antes do previsto e o produto bem embalado e em perfeitas condições. Tudo certo! A B2B Games está de parabéns pela competência e zelo pelos clientes.","There is nothing to say, the delivery arrived before the expected and the product well packed and in perfect conditions. All right! The B2B Games is congratulating for the competition and jealousy for the customers.",1.0,1.0,1.0
"Amei o produto, ótimo  ele cumpre  mto bem o seu proposito ,super recomendo!  Chegou antes da  data prevista!!!","I loved the product, great it meets mto well your proposal, super recommend! it arrived before the scheduled date!!!",1.0,1.0,1.0
Lindo .. Confortável.. Fashion.. ótima qualidade.. Recomendo!,Beautiful... comfortable... fashion... great quality... I recommend it!,1.0,1.0,1.0
O texto do título fala Gigabit quando o aparelho não é. ( 10/100 ),The title text speaks Gigabit when the device is not. ( 10/100 ),0.0,0.0,1.0
Ótimo produto entrega rápida eu recomendo cumpre o q promete!,Great product quick delivery I recommend fulfilling the Q promises!,1.0,1.0,1.0
AVALIAÇÃO EXCELENTE. PARABENS PELA QUALIDADE E ENTREGA EFICIENTE. SUPER CONFORTAVEL E BONITAS.,Excellent assessment. congratulations for quality and efficient delivery. super comfortable and beautiful.,1.0,1.0,1.0
"Produto de excelente qualidade, impressão nitida nada perde para o original. comprei 2 e recomendo","Product of excellent quality, bright printing nothing loses to the original. I bought 2 and recommend",1.0,1.0,1.0
"Comprei pelo site Americanas, o produto apresentou defeitos. Entrei em contato e devolvi e as Américanas fez o reembolso, sem nenhum estresse. Porem comprei o mesmo produto em uma loja física e ele é perfeito, amei e não troco por nada. Parabéns as Américanas por manter sempre contato durante a devolução.  As vezes foi defeito de um lote só. Enfim.. produto perfeito","I bought by the American site, the product presented defects. I got in contact and returned and the American made the refund, without any stress. But I bought the same product in a physical store and it is perfect, I loved and I don't exchange for anything. Congratulations to the American for always keeping contact during the return. Sometimes it was a defect of a lot alone. Finally.. perfect product",1.0,1.0,1.0
"O produto é bem acabada mais a imagem n é oque eu esperava,mais tudo bem vo da 8","The product is well finished more the image n is what I expected, but everything is well from 8",0.0,1.0,1.0
Produto de boa qualidade e que atendeu as .minhas expectativas,Good quality product that meets my expectations.,1.0,1.0,1.0
"Roteador ótimo com diversos recursos. Chegou na caixa em perfeito estado e a entrega foi super rápida, bem antes do prazo final.","It arrived in the box in perfect condition and delivery was super fast, well before the deadline.",1.0,1.0,1.0
"Satisfeita com a compra,  exatamente como descrito, material de boa qualidade, perfeitamente embalado. Equipe de entrega muito eficiente (entraram em contato algumas vezes, ...) e simpáticos. Parabéns, master box design!  Não foi entregue no prazo previsto no momento da compra ...","Satisfied with the purchase, exactly as described, good quality material, perfectly packed. very efficient delivery team (contacted a few times,...) and friendly. Congratulations, master box design! Not delivered in the scheduled time at the time of purchase...",1.0,1.0,1.0
"Minha casa, minhas roupas viviam com pelo de gato para todos os lados, minha gata vomitava bola de pelo uma vez por semana e esse produto simplesmente eliminou isso. Comprei porque minha gata está idosa e ela parou de se lamber ficando rastafari, para resolver o problema pesquisei sobre escovas para gatos e acabei lendo inúmeras boas avaliações do produto. Ele só tem um problema que não é avisado em nenhum lugar, ele quebra o pelo do animal. Não é um produto para uso diário, mas de uso semanal, quinzenal ou até mesmo mensal... Veja bem, mesmo com essa limitação ele cumpre muito bem o que promete que é diminuir drasticamente a quantidade de pelos no ambiente e no sistema digestivo do felino; e, no meu caso, impedir a mudança de religião do meu gato para a religião rastafari rsrsrsrs Nada contra os rastas, viu pessoal?! rsrsrs Só que o pelo é mais gostoso de passar a mão desembaraçado mesmo!","My house, my clothes lived with cat hair everywhere, my cat vomited the ball of by once a week and this product simply eliminated it. I bought because my cat is old and she stopped lambering becoming rastafari, to solve the problem I searched on cows for cats and ended reading numerous good reviews of the product. He only has a problem that is not warned anywhere, he breaks the animal hair. It’s not a product for daily use, but for weekly, fifth or even monthly use... See well, even with this limitation it meets very well what promises is to drastically decrease the amount of hair in the environment and in the digestive system; and, in my case, to prevent the change of my religion only is not warned anywhere, it breaks the animal hair. It’s not a product for daily use, but for weekly, fifth or even monthly use...",-1.0,-1.0,1.0
recebi o produto antes do prazo mas veio com defeito na trava ou seja não da para usar e até agora a Americanas não resolveu e preciso muito deste produto,I got the product before the deadline but came with a defect in the trap that is not to use and so far the American has not resolved and I need a lot of this product,-1.0,-1.0,0.0
"Não compra este produto, pois o mesmo veio com os botões travados e ao tentar ligar o mesmo nem ligou. Péssima qualidade.",Don't buy this product because the same came with the locked buttons and when trying to connect the same didn't connect.,-1.0,-1.0,0.0
"Tive azar, pois o produto não ligou. Tive que entregar para o fornecedor.",I was unfortunate because the product didn't connect. I had to deliver to the supplier.,-1.0,-1.0,0.0
Uma enganação! Esperei quase um mês e cancelaram o pedido. E o produto continua disponível. Nem entraram em contato. Palhaçada!!! #carrodemola,I waited almost a month and they canceled the order. And the product remains available. They didn’t get in touch.,-1.0,-1.0,0.0
Cancelei 10 minutos depois que efetuei a compra e me mandaram mesmo assim,I cancelled 10 minutes after I made the purchase and they sent me even so,-1.0,0.0,0.0
Na estação do som tudo correto mas a estalar os autuofalante não sai som.,In the sound station everything is right but the autofalant does not sound out.,-1.0,-1.0,0.0
"Balcão bonito. Entrega no prazo. Material frágil. Veio faltando parafusos para fixação do tampo, assim como faltou a proteção (cor preta) atrás do tampo, que aparece na imagem. Montagem fácil, mas o manual de instruções poderia ser mais completo. Não recomendo pela falta dos parafusos e da proteção.","Beautiful balcony. Delivery in time. fragile material. came missing pads for fixing the tampon, as well as missed the protection (black color) behind the tampon, which appears on the image. Easy assembly, but the manual of instructions could be more complete. I don't recommend for the lack of pads and protection.",-1.0,-1.0,0.0
Estou decepcionada com o serviço oferecido pela americanas. Venceu o prazo de entrega e não recebi o produto.,I'm disappointed with the service offered by the Americans. I won the delivery deadline and I didn't receive the product.,-1.0,-1.0,0.0
"Bom dia não posso fazer avaliação, pois o produto foi incompatível para rodar no XBOX 360, não havia notado no rodapé da capa que tem que teria que ter o XBOX GOLD, tentei realizar a troca na loja física de Presidente Prudente mais não foi possível.","Good day I can't make an assessment because the product was incompatible to run on the XBOX 360, I didn't notice on the backpack of the cover that I'd have to have the XBOX GOLD, I tried to make the exchange in the physical store of President Prudente more it was not possible.",-1.0,-1.0,0.0
"No primeiro uso já encheu de bolinhas nas mangas, o atrito do moletom cria varias bolinhas.","In the first use already filled with butterflies on the mangas, the moletom scratch creates several butterflies.",-1.0,-1.0,0.0
Acho que o site deveria deixar claro que não é original,I think the site should make it clear that it is not original,0.0,-1.0,0.0
"ainda não recebi meu produto, ainda estou aguardando o recebimento.","I haven't received my product yet, I'm still waiting for receipt.",0.0,0.0,0.0
"Comprei um faz um ano e dois meses, já foi a assistência 2 vezes com o mesmo defeito e o problema não foi solucionou. Smartphone horrível!","I bought one a year and two months ago, it has been the assistance 2 times with the same defect and the problem has not been solved.",-1.0,-1.0,0.0
"Não comprem esse produto, comprei para dar de presente e chegou em casa outro jogo do minecraft  sem as dlcs, Tentei contato com o LIXO da AMERICANAS que só responde com MENSAGEM AUTOMATICA e não dão retorno. Não recomendo! comprar na americanas.com","Don't buy this product, I bought to give a gift and came home another minecraft game without the dlcs, I tried to contact the LIXO of AMERICANES that only responds with AUTOMATIC MESSAGE and don't give a return.",-1.0,-1.0,0.0
Ainda nao recebi o produto então nao tenho como avaliar,I have not received the product yet so I have no way to evaluate.,0.0,0.0,0.0
nossa comprei achando que era um aparelho original infelizmente uma replica .estou chateada o Americana .com eu não esperava receber uma replica de uma rede loja tao grande,Our purchased finding that it was an original device unfortunately a replica.I'm tired the American.com I didn't expect to receive a replica from a big tao store network,-1.0,-1.0,0.0
Não entregaram meu produto e ainda colocaram no sistema que foi entregue no dia 12/12/2017. Tento entrar em contato e eles não me respondem!,They didn’t deliver my product and still put it in the system that was delivered on 12/12/2017. I try to contact and they don’t answer me!,-1.0,-1.0,0.0
Extremamente insatisfeita com o atendimento. Estou aguardando o estorno do pagamento no meu cartão.,I'm very unhappy with the attention. I'm waiting for the payment turn on my card.,-1.0,-1.0,0.0
Comprei o produto com uma voltagem e veio outra. Até agora o problema não foi solucionado.,I bought the product with one voltage and another came. until now the problem has not been solved.,-1.0,-1.0,0.0
"esse produto nem chegou, me roboram na mão grande.  nãi fizeram a entrega, não cumpriram com o prometido não aconselho a ninguem","This product did not come, they stole me in the big hand. they did the delivery, they did not fulfill the promised I do not advise anyone",-1.0,-1.0,0.0
"Quando o telefone chegou, aqui na minha cidade ja estava quase 200.00 mais barato","When the phone arrived, here in my city was almost 200.00 cheaper",0.0,0.0,0.0
Produto chegou amassado  Pedi devolução pelo site e nunca me retornaram com procedimento. Acabei pagando caro por uma panela defeituosa. Não compraria com a polishop novamente.,The product arrived accumulated I asked for return by the site and never returned me with the procedure. I ended up paying expensive for a defective panel. I would not buy with the polishop again.,-1.0,-1.0,0.0
"Acabo de receber o alerta de preço por R$ 577, imediatamente cliquei comprar E JÁ APARECE SEM ESTOQUE!!! Propaganda enganosa é pouco.","I just received the price warning for R$ 577, I immediately clicked to buy AND SHOW WITH STOCK!!!",-1.0,0.0,0.0
"quanto abri o produto, me dei conta de como as vezes comprar pela Internet, pode nos deixar frustados!!!","How much I opened the product, I realized how sometimes buying through the internet, can leave us frustrated!!!",-1.0,-1.0,0.0
gostaria de saber se a parte do recipiente aonde colocamos o óleo conseguimos retirar para lavar.,I would like to know if the part of the container where we put the oil we can remove to wash.,0.0,0.0,0.0
"Não gostei do produto, comprei porque a descrição do site induz ser um objeto de qualidade, profissional etc, todavia, deixou a desejar, feito de alumínio, e o pote para o suco feito de plástico muito grosseiro. Não recomendo! Fui pela descrição e ""  "" toque arrojado do espremedor","I didn't like the product, I bought because the description of the site induces to be a quality object, professional etc, however, left to desire, made of aluminium, and the pot for the juice made of plastic very thick. I don't recommend! I went by the description and "" "" touched the spray",-1.0,-1.0,0.0
Falta me enviar este pote ele ainda não me foi entregue obrigado,Please send me this post he has not yet been delivered thanks,-1.0,0.0,0.0
Eu teria á oposição de troca ou devolução do produto mais meu cunhado não quis fazer o procedimento mais tudo bem espero que os outros dois produtos não venha com defeito.,I would have the opposition of exchange or return of the product more my cousin didn’t want to do the procedure more all well I hope the other two products don’t come with defects.,0.0,-1.0,0.0
"Fiz a compra desse produto no dia 21/02/2018 e até hoje 26/03/2018 não recebi, sendo assim não posso avaliar o produto como bom ou ruim, mas quanto ao fornecedor NÃO RECOMENDO!","I made the purchase of this product on 21/02/2018 and until today 26/03/2018 I didn't receive, so I can't evaluate the product as good or bad, but as to the supplier I NOT recommend!",-1.0,-1.0,0.0
"O produto e si é legal, porém falha e trava muito o que acaba prejudicando um pouco.","The product is good, but it fails and works a lot that ends up damaging a little.",-1.0,-1.0,0.0
Fiz a compra e ainda não recebi o meu pedido. Aguardo até hoje e entrega do mesmo. Ninguém fez contato ainda para avisar dá entrega.,I made the purchase and I have not yet received my order. I wait until today and deliver the same. No one has contacted yet to notify delivery.,-1.0,-1.0,0.0
Não recebi o produto até agora vou comprar em outro lugar e colocar a americana na justiça  já foi pago a primeira  parcela,I didn't get the product until now I'll buy elsewhere and put the American in court already paid the first piece,0.0,-1.0,0.0
As lanternas são muito boas mas ao dei sorte pois elas estão com com diferenças no polimento,The lamps are very good but they are lucky because they are with differences in polishing.,-1.0,1.0,0.0
"O aparelho é bonito, traz boas funções!! Fiquei chateado com seu áudio, que fica em uma escala de regular pra ruim, infelizmente... Acredito que o aparelho poderia ser mais compacto em seu tamanho!","The device is beautiful, it brings good functions!! I’ve been troubled with your audio, which is on a scale of regular to bad, unfortunately... I think the device could be more compact in its size!",-1.0,1.0,0.0
"Ainda não recebi o produto, por favor providencie a entrega, está hiper atrasado, foi prometido para o dia 27 de março, estamos em 6 de Abril","I haven't received the product yet, please provide the delivery, it's hyper delayed, it's promised to the day 27 March, we're on 6 April",-1.0,-1.0,0.0
Não era o que eu esperava e aguardo contato para troca.,It wasn’t what I expected and I’m waiting for contact for exchange.,0.0,-1.0,0.0
Basa muito grossa e para usar com tampo de vidro transparente fica feio pq destaca bastante a base por ser grossa demais. achei o produto de qualidade regular.,Bases very thick and to use with transparent glass tapes becomes ugly pq highlights quite the base because it is too thick. I found the regular quality product.,-1.0,-1.0,0.0
"Produto veio quebrado! Produto veio imundo, tive a impressão que era usado.   LojaTudo nunca mais!  Não tem respeito e muito menos consideração pelos clientes. Na primeira compra feita enviam o produto quebrado e totalmente sujo!   Loja tudo nota 0.  Não comprem na loja tudo! Não compre na loja tudo! loja tudo não! Loja tudo não é boa! Loja tudo entrega produtos quebrados! Loja tudo não é confiável!","Product came broken! Product came dirty, I had the impression that it was used. ShopAll never again! It has no respect and much less consideration by customers. In the first purchase made send the product broken and completely dirty! Shop all note 0. Do not buy in the shop all! Do not buy in the shop all! shop all not! shop all is not good! shop all deliver broken products! shop all is not reliable!",-1.0,-1.0,0.0
O armário  em si é  razoável. Lado negativo é  que veio faltando peça e a Americanas nem se quer uma resposta me deu as 3 vezes que tentei contato!! Não recomendo a  ninguém mais. Pós compra péssimo! Estão nem aí  para os clientes!,The closet itself is reasonable. The negative side is that it came missing piece and the Americans don't want a response gave me the 3 times I tried to contact!! I don't recommend anyone else.,-1.0,-1.0,0.0
"Comprei o produto, paguei um frete altíssimo e após o produto chegar na transportadora ficou quase 30 dias parado sem  movimentação, e sem mais nem menos o produto chegou no endereço de entrega sem que o rastreio fosse atualizado.","I bought the product, paid a very high shipping and after the product arrived at the carrier stood almost 30 days without movement, and without more or less the product arrived at the delivery address without the tracking was updated.",-1.0,-1.0,0.0
"Além de ser caro,o produto é de péssima qualidade,não serve nem para brincar e tampouco para usar na rua,exceto se você for magro ou musculoso. logo sublimado e na parte interna esta todo em branco,as camisas que ganhei nos jogos da seleção dadas pelo Bradesco,apesar de serem descartáveis,tem mais qualidade do que essa nova camisa,R$ 30 para essa camisa é o preço máximo,agora R$ 129? Estão brincando com a minha cara,né?","In addition to being expensive, the product is of poor quality, it doesn't serve neither to play nor to use on the street, except if you're thin or muscular. soon sublimated and inside it's all in white, the t-shirts I won in the games of the selection given by Bradesco, although they're discardable,there's more quality than this new t-shirts,R$ 30 for this t-shirts is the maximum price,now R$ 129?",-1.0,-1.0,0.0
"Além do produto vir sem nota fiscal(o que faz desconfiar da originalidade), mal embalado, veio também com defeito, pois pecisa ficar mexendo no fio pra ajustar o som","In addition to the product coming without a tax note(which makes you doubt the originality), badly packed, came also with a defect, because it gets moving on the thread to adjust the sound",-1.0,-1.0,0.0
Recomendo que me devolvam o dinheiro e me mande uma carta pedindo desculpa pela LIXO que eu comprei. Sacanagem e enganação. Nao sei como a americanas deixa oferecer um produto de LIXO como isso ai...LIXO LIXO LIXO  Isso parece uma meia velha mesmo...alguem ja falou isso ai embaixo..LIXO,I recommend that you return me the money and send me a letter apologizing for the LIXO I bought. scam and deceit. I don't know how the Americans let offer a LIXO product like this ai...LIXO LIXO LIXO It looks like a half old even...somebody has already said this ai below..LIXO,-1.0,-1.0,0.0
"Tive o pedido cancelado pelo site, após ter pago. Um desrespeito.","I had the order cancelled by the site, after having paid.",-1.0,-1.0,0.0
"Acabei de abrir e o segredo digital não funciona. Só abre e fecha na chave. Teclado inoperante. Estou decepcionado. Acabei arrumando um problema. Espero que consiga trocar. Já descobri, pesquisando, que o pós-venda é ruim. É muito frustrante isso. Primeira vez que me chateio com as lojas americanas. Já tinha comprado outras vezes. Vou continuar acreditando nas L.A. Mas não recomendo o produto. Lamentável. Queria estar aqui elogiando. Mas não posso.","I just opened and the digital secret doesn’t work. Just open and close on the key. Unfunctionable keyboard. I’m disappointed. I’ve finished fixing a problem. I hope you can exchange. I’ve already discovered, researching, that post-sales is bad. It’s very frustrating that. First time I get bored with the American stores. I’ve already bought other times. I’m going to continue believing in the L.A. But I don’t recommend the product. Sorry. I wanted to be here praising. But I can’t.",-1.0,-1.0,0.0
"Cada um que compro vem com um firmware (programa) diferente, o que compromete a qualidade do produto, pois alguns deles travam e todos superaquecem, tenho a impressão de que vai queimar a qualquer momento. O da marca NOVA DIGITAL é o que menos recomendo, pois trava os canais (com boa antena) e apresenta problemas de configuração. O da VMADE (Made) altera a ordem dos canais por conta própria. Péssimos softwares nesse modelo de equipamento. Sou técnico em eletrônica.","Everyone who purchases comes with a firmware (program) different, which compromises the quality of the product, because some of them brake and all overheat, I have the impression that it will burn at any time. The brand NEW DIGITAL is what least I recommend, because it brake the channels (with good antenna) and presents configuration problems. The VMADE (Made) changes the order of the channels on its own.",-1.0,-1.0,0.0
"O produto veio certinho, é fácil de encher. Porém tem pouca durabilidade!","The product came certain, it is easy to fill. but it has little durability!",-1.0,0.0,0.0
"O aparelho veio com defeito e vcs dizem q passou do tempo para reclamar. E que eh para eu entrar em contato com o fornecedor. Que eu me lembre eu comprei das americanas! Entrei no site das americanas por confiar em vocês. Não compro em quem não conheço. Ou seja, não adiantou nada. Péssima experiência! Agora estou com um produto pifado, sem funcionar, caro e eu que vou ter que correr atrás pra resolver e vcs se eximem do problema. Muito obrigado pelo péssimo atendimento! Evitarei futuras compras com vcs.","The device came with a defect and vcs say q passed time to complain. And that eh for me to contact the supplier. Let me remember I bought from the Americans! I entered the site of the Americans for trusting you. I don't buy in who I don't know. That's, it didn't advance anything. Bad experience! Now I'm with a packed product, not working, expensive and I'm going to have to run back to solve and vcs get rid of the problem. Thank you very much for the bad care! I'll avoid future purchases with vcs.",-1.0,-1.0,0.0
NÃO RECOMENDO TAPETE DE PÉSSIMA QUALIDADE BEM DIFERENTE DA FOTO SEM SE COMPARA.,I do not recommend a very good quality tape different from the picture without comparing it.,-1.0,-1.0,0.0
As dimensões desta caixa de verramentas no anúncio é de 16 cm x 16 cm x 11 cm.  Não cabe nada é muito pequena,The dimensions of this toolbox in the ad is 16 cm x 16 cm x 11 cm.,-1.0,0.0,0.0
"O encosto veio com vários arames amassados, falha na pintura da banqueta e o acabamento é péssimo, muitas rebarbas inclusive machucando, arranhou o braço ao passar; Poderia ter caprichado mais para entregar o produto, ninguém olha o produto antes de embalar?","The crossing came with several arams accumulated, fails in the painting of the banquet and the finish is bad, many rebounds even hurting, scratched the arm when passing; Could you have capriched more to deliver the product, no one looks at the product before packing?",-1.0,-1.0,0.0
"Porque não recebi nada,e no site já até confirmaram que eu recebi e aí como fico?","Why didn't I get anything, and on the site they even confirmed that I got and there how I'm?",-1.0,-1.0,0.0
Achei a recepção muito ruim dos canais. Tenho uma do mesmo estilo de outra marca q funciona perfeitamente.,I found the very bad reception of the channels. I have one of the same style of another brand q works perfectly.,-1.0,-1.0,0.0
"Não  gruda todos pelos e muito menos qdo vai limpar pra passar de novo, limpa muito poucp","Not grid all the hair and much less qdo will clean to pass again, clean very poucp",0.0,0.0,0.0
No anúncio é duralex mas produto é marinex .. qualidade muito inferior .. fiz a devolução do produto faz mais de um mês e ainda não fui reembolsado !! Muito insatisfeito com essa empresa,In the ad is duralex but the product is marinex.. very low quality.. I made the return of the product more than a month ago and I was not yet refunded!!,-1.0,-1.0,0.0
Não tem oque falar do Game. minha reclamação e com a demora na entrega.,It’s not good to talk about the game. my complaint and with the delay in delivery.,-1.0,-1.0,0.0
"Não recomendo, pois comprei pq achei baratinho e estava precisando, nunca recebi. Já está com quase 3 meses e eles não me deram nem satisfação, todos os dias tento um retorno e nada.","I don't recommend, because I bought pq I found cheap and I needed it, I never received it. It's already almost 3 months and they didn't give me any satisfaction, every day I try a return and nothing.",-1.0,-1.0,0.0
"A propagando nos levar crer que estamos comprando um produto de alta pressão. Pois além da potencia técnica ser 1750 Lbs o nome do Produto leva a grafia de ""2200 que confunde completamente o consumidor leigo. Comparei as 1750lbs da Lavadora Wap com as 1750Lbs do concorrente (TEKNE) e fiquei surpreso com a diferença. Por isso não recomendo este produto.","The spreading leads us to believe that we are buying a high-pressure product. For in addition to the technical power to be 1750 Lbs the name of the product leads the graphic of ""2200 that completely confuses the consumer light. I compare the 1750 Lbs of the Wap Washer with the 1750 Lbs of the competitor (TEKNE) and I was surprised by the difference.",-1.0,0.0,0.0
Apesar do prazo estar vencido o produto não foi entregue conforme descrito. Estou aguardando a entrega o mais rápido possível!,Despite the deadline being passed the product has not been delivered as described. I am waiting for delivery as soon as possible!,0.0,0.0,0.0
"O produto veio com defeito, o telefone do Sac da Americanas.com nunca funciona (sempre manda ligar depois, porque todos os atendentes estão sempre ocupados), entrei no reclame aqui...baita transtorno até conseguir fazer a troca. Nesse meio tempo mudei de endereço (de estado!) e a política de troca não aceita que se mude o endereço de entrega. Me articulei com os pais da criança que havia presenteado, com o zelador do prédio e a nova moradora para, por fim, chegar a boneca, funcionar por menos de 10 min, e pifar! Chega um vídeo do pai dela no meu celular com a mensagem ""Descartável, já travou o motor"" acompanhada de um vídeo comicamente deprimente: a boneca girando na base, e a música toda distorcida... não gastem seu suado dinheirinho com essa porcaria.","The product came with a defect, the phone of the Americanas.com Sack never works (always send call after, because all the attendees are always busy), I entered the complaint here...low disorder until I managed to make the exchange. In that middle time I changed the address (state!) and the exchange policy does not accept that the delivery address is changed. I articulated with the parents of the child that had presented, with the building wardrobe and the new resident to, finally, get the doll, work for less than 10 minutes, and pifar! Comes a video of her father on my cell phone with the message ""Descartable, already trapped the engine"" accompanied by a video with a beautifully printing: the turn on the base, and all the distortion music...",0.0,-1.0,0.0
Solicitei devolução e até o momento não obtive retorno.,I requested a refund and for now I have not received any refund.,-1.0,-1.0,0.0
"comprei essa tv dia 24/01 ate hoje 27/02 nunca foi entregue, no status da transportadora diz que minha tv esta retida sob fiscalizacao, o que diabos tenho haver com isso..sempre compro na americana, mas sinceramente dessa vez estou decepcionada, dar proxima vez vou procurar outros sites.","I bought this TV on 24/01 until today 27/02 was never delivered, in the status of the carrier says that my TV is held under surveillance, what diabos I have with it..all I buy in the American, but honestly this time I am disappointed, give next time I will look for other sites.",-1.0,-1.0,0.0
"O produto é muito bom, porém deu defeito em 20 dias de uso",The product is very good but has been defective in 20 days of use.,-1.0,-1.0,0.0
Não e o original.. Não tive resultados... Só o shake que e bom,Not the original... I didn’t have results... Only the shake that was good,0.0,0.0,0.0
Cancelaram o meu pedido porque não tinha o produto e ainda pedem avaliação,They cancelled my order because I didn’t have the product and still ask for review,-1.0,-1.0,0.0
Ridiculo isso um site grande desse me enviar um produto errado; e agora quem vai ir atraz pra trocar? Eu com um bb recen nascido; RIDICULO AMERICANAS,I laugh this a great site of this send me a wrong product; and now who will go attractive to exchange? I with a newborn bb; RIDICULO AMERICANES,-1.0,-1.0,0.0
"Se existisse 0 estrelas eu daria. Não para o produto, mas para a loja que me enviou um produto péssimo, que nem marca tem, totalmente divergente. Faz semanas que estou pedindo que eles me enviem o código para eu postar o produto e receber o estorno mas ainda estou na espera. Totalmente insatisfeita","If there were 0 stars I would give. Not to the product, but to the store that sent me a bad product, which no brand has, completely different. For weeks I’m asking them to send me the code to me post the product and receive the distortion but I’m still waiting.",-1.0,-1.0,0.0
"Comprei esse produto e paguei à vista, através de boleto. Agora alegam que não há estoque e ninguem me dá uma posição. Não recomendo de jeito nenhum pois na hora de fechar o pedido não há nenhum aviso que o produto está em falta.","I bought this product and paid in sight, through a ticket. Now they claim there is no stock and no one gives me a position. I do not recommend in any way because at the time of closing the order there is no warning that the product is missing.",-1.0,-1.0,0.0
O revolver aplicador vaza muito na conexão e não é possível utilizar a mangueira sem o mesmo,The revolver applicator is very empty in the connection and it is not possible to use the handle without the same,-1.0,-1.0,0.0
"apresentou defeito depois de 11 dias de uso 3 riscos horizontais na imagem, a tv não saiu da parede, vou enviar p assistência técnica amanha, e como passou o prazo de 5 dias corridos depois da entrega, só a assistência técnica q resolve.","presented defect after 11 days of use 3 horizontal risks in the image, the TV did not come out of the wall, I will send p technical assistance morning, and as passed the period of 5 days run after delivery, only the technical assistance q solves.",-1.0,-1.0,0.0
"oi boa noite, quero saber se vao devolver o dinheiro, eu mandei o produto ficou faltando a pistola e quero saber se vao me restituir pq ainda estao cobrando no cartao de credito","Oh good night, I want to know if I will return the money, I sent the product was missing the gun and I want to know if I will return me pq I am still charging on the credit card",0.0,0.0,0.0
Não recomendo pois ela só funciona com Wi-Fi dela é na maioria das vezes não conecta e você tem que baixar um app difícil de encontrar pois no manual que está em chinês e russo não te ajuda em nada. Por isso não recomendo.,I don't recommend because it only works with Wi-Fi it's most often not connected and you have to download an app hard to find because in the manual that's in Chinese and Russian doesn't help you in anything.,-1.0,-1.0,0.0
"O produto é bom. Mas o pano fica sempre com água, não tem absorção de água direito ao torcer.  Mas é um produto prático para dia dia.","The product is good. But the plate is always with water, it has no right water absorption when it turns. But it is a practical product for day-to-day.",0.0,0.0,0.0
"Bonita e fácil de carregar, porém não mantém os alimentos quentes.","Beautiful and easy to carry, but does not keep the food hot.",-1.0,-1.0,0.0
"Infelizmente estou com problemas, pois não consegui receber o produto dentro do prazo, está com 13 dias de atraso.","Unfortunately I'm in trouble because I couldn't get the product within the deadline, it's 13 days late.",-1.0,-1.0,0.0
"ja reclamei e não tive resposta , agora quero cancelar e quero meu dinheiro com juros e correção  NÃO RECEBI O PRODUTO ATÉ AGROA","I've already complained and I didn't have a reply, now I want to cancel and I want my money with interest and correction I don't receive the PRODUCT AT GROA",-1.0,-1.0,0.0
Bonito produto...mas de pouca utilidade...a anatomia dela fica difícil de usar...,"It’s a good product, but it’s little useful, and its anatomy is hard to use.",-1.0,-1.0,0.0
Já deu defeito por isso avalio como péssimo. Não recomendo para meus amigos,"I’ve had a mistake, so I’m evaluating it as bad. I don’t recommend it to my friends",-1.0,-1.0,0.0
"a descrição da caixa do produto diz 28 cm , porém não tem.","The description of the product box says 28 cm, but it does not.",0.0,0.0,0.0
"Cadeira veio com defeito no hidráulico, dois rasgos, torta e amassado no apoio de pés. Até agora não consegui solucionar o problema. Já conversei com atendente e fui comunicado que iriam resolver o problema. Porém a única maneira de resolver é enviar uma nova e trocar por esta que está comigo. Mas até agora nada.","The chair came with a defect in the hydraulic, two traits, cake and gathered in the support of the feet. So far I couldn't solve the problem. I've already talked with the assistant and I've been communicated that they'd solve the problem. But the only way to solve is to send a new and exchange for this that's with me. But so far nothing.",-1.0,-1.0,0.0
O pen drive que recebi foi diferente do que comprei. Comprei um produto e veio outro.,The pen drive I received was different from what I bought. I bought one product and came another.,0.0,0.0,0.0
Ainda não recebi o produto. Não tenho como avaliar um produto que ainda nao recebi.,I have not yet received the product.I have no way to evaluate a product that I have not yet received.,-1.0,0.0,0.0
"ESSE PRODUTO NÃO CHEGOU EM MINHA RESIDÊNCIA!!!!!! Descontaram o valor em meu cartão, o produto não chegou em minha residência.  Fui noite dos correios e está com endereço final sendo SÃO PAULO, porém meu endereço é no RIO DE JANEIRO.  Quero meu dinheiro de volta ou o produto!!","This product did not come to my residence!!!!!! they discounted the value on my card, the product did not come to my residence. I was the night of the mail and is with the end address being SÃO PAULO but my address is in RIO DE JANEIRO. I want my money back or the product!!",-1.0,-1.0,0.0
me arrependi de ter comprado o acabamento mal feito dos garfos corta a boca. não compre,I regret having bought the wrong-made finish of the butterflies cut the mouth.,-1.0,-1.0,0.0
"Não compremm .. com apenas 2 meses a camera ja deu pau .. não foca mais, entre outras coisas ..","I don't buy.. with only 2 months the camera has already pau.. no focus anymore, among other things..",-1.0,-1.0,0.0
Eu recebi o produto sujo e desbotado... Não recomendo...,I got the product dirty and dirty... I don’t recommend...,-1.0,-1.0,0.0
"comprei o produto vcs me disseram q entregariam dia 23 mas ate hj não recebi, e vcs não entram em contato para informar sobre a entrega ou a devolução do meu dinheiro, eu estou muito frustada pôs sempre fui cliente das lojas americanas , pós vcs não mostram interesse em resolver o problema eu entro em contato e não respondida. o produto não sei se bom não chaga, mas eu sei as lojas americanas não esta sendo mais uma boa empresa para fazer compras!!!!!!!!!!!!","I bought the product vcs told me q would deliver day 23 but ate hj didn't receive, and vcs don't get in touch to inform about the delivery or the return of my money, I'm very frustrated I've always been a customer of the U.S. stores, after vcs don't show interest in solving the problem I get in touch and didn't answer. the product don't know if good doesn't break, but I know the U.S. stores are not being a good company to make purchases!!!!!!!!!!!!",-1.0,-1.0,0.0
"Normalmente sou de dar 5 estrelas para todas avaliações, não sou muito rigoroso pois pesquiso muito antes de comprar algo. No entanto aqui eu comprei exatamente em 27/11/17 supostamente seria um presente de natal, mas estamos em 02/01/18 e ainda não chegou. A americanas entrou em contato para querer reembolsar o valor, eu não quero reembolso quero o produto que comprei. Espero resolver isso o quanto antes. Fiquei bastante triste com o serviço. A atendente alegou que o produto não havia em estoque, eu me pergunto o porque de vender algo que não se tem. Sem comentários.","Normally I’m giving 5 stars for all reviews, I’m not very strict because I’m searching a long time before buying something. However here I bought exactly on 27/11/17 supposedly would be a Christmas gift, but we’re on 02/01/18 and still didn’t come. The Americans got in contact to want to refund the value, I don’t want refund I want the product I bought. I hope to solve it as soon as possible. I was quite sad with the service. The customer claimed that the product was not in stock, I wonder why to sell something that doesn’t have. No comments.",-1.0,-1.0,0.0
O produto é mto vagabundo o material  não dele nau é bom as gavetas não vale nada7 odiei não recomendo a ninguém,The product is mto vagabundo the material is not his nau is good the boxes are not worth anything7 odiei I don't recommend to anyone,-1.0,-1.0,0.0
"Bom, uma pena pagar esse valor e vir sem o cabo de carregar, vou ter de gastar mais dinheiro com frete pra poder comprar esse cabo, vocês poderiam pensar nisso da prox vez para facilitar a vida do cliente.","Well, it’s worth paying that amount and coming without the charging cable, I’ll have to spend more money with cargo to be able to buy that cable, you could think about it from the next time to facilitate the customer’s life.",-1.0,0.0,0.0
Fiz a compra no mes de março e até agora nada de entregar o produto....nem dão uma satisfação... liguei várias vezes  na central eles confirmam a data da entrega mas essa entrega nunca acontece Estou totalmente decepcionada a pior coisa que fiz foi comprar nessa porcaria desse site não vale nada .... Se não tem condições de atender um cliente melhor não colocar no ar ...  Decepção total.....não recomendo!!!,I made the purchase in the month of March and so far nothing to deliver the product....no give a satisfaction... I called several times at the center they confirm the delivery date but that delivery never happens I am completely disappointed the worst thing I did was to buy in this pork of this site is not worth anything.... If you have no conditions to meet a customer better not put in the air... Total disappointment.....no recommend!!!,-1.0,-1.0,0.0
"Quero saber quando vão entregar meu produto, pq não foi entregue.","I want to know when they will deliver my product, pq was not delivered.",0.0,0.0,0.0
"A imagem do anúncio traz um case rígido preto (entregue) e uma capa emborrachada cor laranja para o HD (NÃO entregue). Ao informar que a capa não foi entregue, recebi uma ligação informando que eu estava enganado, pois esta capa custava R$ 2.000,00. Realmente fui enganado, mas foi por este anúncio enganador e por este atendimento mal caráter. Nem se quer existe um anúncio para esta suposta capa de ""2.000"". O valor é maior que o de um HD, certamente nos acham idiotas, tentando fazer o cliente pensar que o engano é dele mesmo, informando um valor absurdo por um produto que nem é oferecido separadamente. Na própria imagem disponibilizada nesta página de avaliação o case está acompanhado da capa na cor laranja. Anúncio fraudulento, atendimento péssimo! Sou cliente há anos, jamais tive problemas, até esta compra. Este parceiro prejudica a marca Americanas. Jamais pensei depois de anos como cliente receber um atendimento tão ruim e mentiroso.","The image of the advertisement brings a hard box black (introduce) and an embryo orange colour to the HD (not delivered). When informing that the cover was not delivered, I received a link informing that I was misleading because this cover cost R$2,000,00. I was really misleading, but it was for this misleading advertisement and for this bad service character. Neither do you want there is an advertisement for this supposed cover of ""2,000"". The value is greater than that of a HD, they find us stupid, trying to make the customer think that the mistake is of him, informing an absurd value for a product that is not offered separately. In the image itself available in this review page the case is accompanied by the cover.",-1.0,-1.0,0.0
"No dia 22 de fevereiro recebi um produto que não comprei e a comprado e de maior valor pago, não foi entregue. E até hoje entro  contato com a Americanas e a FLIP (loja parceira da americanas). E não resolvem e ainda tiveram a ousadia de dizer que o prazo para reclamações havia expirado. Como se no mesmo dia em que recebi entrei em contato.  AVISO: NÃO COMPREM NADA NELA OU NAS PARCEIRAS, PORQUE SE DER PROBLEMA VCS NÃO TERÃO QUEM RESOLVER E SÓ TERÃO ABORRECIMENTOS, POIS NENHUMA DAS DUAS SE IMPORTAM COM O CLIENTE. EU DEIXEI DE COMPRAR NELAS .AMERICANAS NÃO, FLIP NUNCA MAIS. CLIENTES CUIDADO, ELAS NÃO NOS RESPEITAM. ME SENTI LESADA POR EMPRESAS QUE SE DIZEM PARCEIRAS.","On February 22 I received a product I didn't buy and the purchased and the highest paid value was not delivered. And so far I get in touch with Americanas and FLIP (American partner shop). And they don't resolve and still had the courage to say that the deadline for complaints had expired. As if on the same day I received I entered in contact. Notice: Do not buy anything in it or in the partners, because if the problem VCS won't have anyone to solve and will only be shortcomings, so no one of the two will be concerned with the customer. I've left to buy in the US.",-1.0,-1.0,0.0
"Não existe a versão digital. O produto vem com um código e um site com o caminho para acessar. Porém, o caminho não é válido. Entrei no site da editora e enviei um questionamento. Até hoje sequer tive resposta","There is no digital version. The product comes with a code and a site with the way to access. However, the way is not valid. I entered the publisher's site and sent a questionnaire. So far I even had an answer",-1.0,0.0,0.0
"A entrega foi rápida  o produto veio lacrado e em perfeitas condições! A câmera é  ótima, mas o celular trava!","Delivery was fast the product came tears and in perfect conditions! the camera is great, but the cell phone traps!",0.0,1.0,0.0
Comprei o carrinha em 8 dias foi entregue... no msn diabqbentregou montamos e percebemos q veio com defeito na costura da lateral do carrinho. Liguei na Central da dafito... eles disseram pra entrar em contato com a transportadora. A transportadora buscou o produto ja tem 11 dias e ninguém nem sabe qdo vai devolver outro carrinho! Detalhe: ja paguei pelo produto!!!! Agora  pelo q estou vendo qdo chegar o bebê conforto não sercira mais para minha netinha. Pois se comprei  preciso do produto... agora ficar esperando a Boa vontade da transportadora em ACHAR (rastrear ) ...tenha paciência! Ninguém nunca sabe de nada! E nosso a trouxe aqui ha comprou ... pagou a não recebeu o produto como deveria ! Palhaçada !,I bought the car in 8 days was delivered... in the msn diabqbentregou montamos and we realized q came with a defect in the coat of the side of the car. I called at the center of the dafito... they said to get in touch with the carrier. the carrier sought the product already has 11 days and no one knows qdo will return another car! Details: I already paid for the product!!!! Now for q I am seeing qdo arrive the baby comfort no closure anymore for my grandmother. For I bought precise of the product... now stay waiting for the Goodwill of the carrier in ACHAR (tracking )... have patience! No one knows anything! And our carrier here has paid the product as it should!,0.0,0.0,0.0
"ENGANAÇÃO ! NÃO FUNCIONA NO BRASIL ! Esperei quase um mês e recebi um telefone que não funciona no país. No atendimento telefônico uma sujeita de nome Renata foi absurdamente estúpida e ainda me ameaçou dizendo que a ligação telefônica é gravada Agora é devolver e esperar mais um século pelo estorno PROCUREM OUTRA LOJA !!!!! se ja comprou, faça como eu: processe !","I waited almost a month and I received a phone that doesn’t work in the country. In the telephone service a subject named Renata was absurdly stupid and still threatened me saying that the telephone call is recorded Now it’s to return and wait another a century for the outbreak look for another shop!!!!! if you’ve already bought, do like me: process!",-1.0,-1.0,0.0
"A capa tem uma apresentação legal, mas eu comprei porque dizia na descrição do produto que era IMPERMEÁVEL. No entanto, caiu um líquido sobre a capa e manchou o meu sofá.","The cover has a legal presentation, but I bought because I said in the description of the product that it was IMPERMANENT. However, a liquid fell on the cover and tapped my sofa.",-1.0,0.0,0.0
"Eu já expliquei o motivo de ter cancelado o pedido. Depois de dias de atraso (sem ninguém me dar satisfação), entrei em contato com americanas.com e fui informada de que o produto ainda nem tinha chegado no estoque. Deram um novo prazo (absurdo). Obviamente cancelei o pedido. Um produto barato, vendido em vários sites, que comprei exatamente pelo prazo de entrega. No mesmo dia em que cancelei o pedido, comprei em loja física e por preço mais barato. Decepção pela propaganda enganosa.","I’ve already explained why I canceled the order. After days of delay (without anyone giving me satisfaction), I contacted americanas.com and I was informed that the product had not yet arrived in the stock. They gave a new deadline (absurd). Obviously I canceled the order. A cheap product, sold on several sites, I bought exactly for the delivery deadline. On the same day I canceled the order, I bought in the physical store and at a cheaper price.",-1.0,-1.0,0.0
